date	test_node2	test_node
2013-12-23-02-10-16	1387782751	1387782616
2013-12-23-02-10-23	1387782751	1387782623
2013-12-23-02-10-24	1387782751	1387782624
2013-12-23-02-10-26	1387782751	1387782626
2013-12-23-02-10-28	1387782751	1387782628
2013-12-23-02-10-29	1387782751	1387782629
2013-12-23-02-10-31	1387782751	1387782631
2013-12-23-02-10-32	1387782751	1387782632
2013-12-23-02-10-34	1387782751	1387782634
2013-12-23-02-10-35	1387782751	1387782635
2013-12-23-02-10-37	1387782751	1387782637
2013-12-23-02-10-39	1387782751	1387782639
2013-12-23-02-10-40	1387782751	1387782640
2013-12-23-02-10-42	1387782751	1387782642
2013-12-23-02-10-43	1387782751	1387782643
2013-12-23-02-12-31	1387782751	1387782643
2013-12-23-02-12-38	1387782758	1387782643
2013-12-23-02-12-40	1387782760	1387782643
2013-12-23-02-12-42	1387782762	1387782643
2013-12-23-02-12-43	1387782763	1387782643
