2014-04-12 23:12:07,12,0,26,14,3584,44,9,1,
2014-04-12 23:12:08,9,14,47,60,3080,118,5,0,
2014-04-12 23:12:09,26,5,82,18,845,197,5,0,
2014-04-12 23:12:10,6,22,95,92,1658,182,5,1,
2014-04-12 23:12:11,9,27,91,58,2472,78,0,0,
2014-04-12 23:12:12,7,31,3,41,676,32,10,2,
2014-04-12 23:12:13,4,1,49,37,2398,66,15,1,
2014-04-12 23:12:14,7,21,37,20,3021,168,15,0,
2014-04-12 23:12:15,5,29,5,81,3540,113,10,2,
2014-04-12 23:12:16,28,16,23,76,2447,55,6,2,
2014-04-12 23:12:17,28,7,40,15,2556,90,13,0,
2014-04-12 23:12:18,29,2,90,53,700,110,13,2,
2014-04-12 23:12:19,12,5,20,53,1203,138,10,0,
2014-04-12 23:12:20,30,26,34,5,939,31,5,1,
2014-04-12 23:12:21,17,28,4,12,1367,14,10,0,
2014-04-12 23:12:22,32,5,96,84,954,110,9,2,
2014-04-12 23:12:23,28,12,62,99,1934,153,11,1,
2014-04-12 23:12:24,12,8,42,4,3785,196,10,0,
2014-04-12 23:12:25,34,4,27,0,728,0,2,2,
2014-04-12 23:12:26,34,14,77,63,895,154,13,0,
2014-04-12 23:12:27,28,23,74,32,3188,51,14,2,
2014-04-12 23:12:28,17,21,31,47,3764,128,12,0,
2014-04-12 23:12:29,3,19,0,18,3818,133,9,1,
2014-04-12 23:12:30,19,33,6,43,823,65,3,1,
2014-04-12 23:12:31,6,25,84,18,591,56,4,1,
2014-04-12 23:12:32,24,35,30,44,351,87,2,1,
2014-04-12 23:12:33,4,8,99,93,2996,123,0,0,
2014-04-12 23:12:34,18,34,31,23,215,14,14,2,
2014-04-12 23:12:35,20,21,17,31,3841,65,1,1,
2014-04-12 23:12:36,0,0,78,57,2238,13,6,0,
2014-04-12 23:12:37,5,13,42,0,3701,93,12,0,
2014-04-12 23:12:38,15,9,11,44,971,199,11,0,
2014-04-12 23:12:39,19,32,73,52,673,0,15,0,
2014-04-12 23:12:40,21,17,11,36,1682,2,15,0,
2014-04-12 23:12:41,9,14,0,10,2438,81,0,2,
2014-04-12 23:12:42,2,35,35,37,1168,100,6,1,
2014-04-12 23:12:43,31,28,91,52,1699,84,5,1,
2014-04-12 23:12:44,14,11,83,31,1651,68,1,1,
2014-04-12 23:12:45,17,31,2,73,32,85,5,2,
2014-04-12 23:12:46,18,21,90,12,3771,44,0,1,
2014-04-12 23:12:47,3,35,88,61,2194,123,5,2,
2014-04-12 23:12:48,23,31,55,0,893,48,11,0,
2014-04-12 23:12:49,25,21,55,42,399,24,10,2,
2014-04-12 23:12:50,15,2,0,1,2383,107,2,2,
2014-04-12 23:12:51,2,33,56,37,3768,78,14,2,
2014-04-12 23:12:52,2,24,35,25,2940,179,8,2,
2014-04-12 23:12:53,6,35,42,6,2103,189,4,2,
2014-04-12 23:12:54,26,16,56,74,621,71,8,2,
2014-04-12 23:12:55,17,3,31,32,2949,159,13,0,
2014-04-12 23:12:56,5,5,98,77,1517,76,0,1,
2014-04-12 23:12:57,5,33,69,23,3099,95,7,2,
2014-04-12 23:12:58,34,0,54,75,2449,85,10,0,
2014-04-12 23:12:59,14,6,86,71,1637,145,3,0,
2014-04-12 23:13:00,21,20,39,40,3899,126,13,1,
2014-04-12 23:13:01,6,34,60,47,2115,96,4,0,
2014-04-12 23:13:02,2,25,21,54,2787,188,8,1,
2014-04-12 23:13:03,19,12,16,24,1230,130,15,0,
2014-04-12 23:13:04,13,8,28,47,3487,26,11,2,
2014-04-12 23:13:05,1,18,65,87,2386,136,10,1,
2014-04-12 23:13:06,24,28,42,31,2874,194,10,2,
2014-04-12 23:13:07,27,28,48,8,2102,191,6,2,
2014-04-12 23:13:08,9,11,12,87,3125,1,2,2,
2014-04-12 23:13:09,3,28,18,84,2225,20,15,1,
2014-04-12 23:13:10,3,0,89,78,3427,103,2,1,
2014-04-12 23:13:11,14,7,48,99,318,39,1,1,
2014-04-12 23:13:12,32,35,17,35,1602,59,14,2,
2014-04-12 23:13:13,18,5,24,65,3897,20,3,1,
2014-04-12 23:13:14,3,29,26,57,1795,84,4,1,
2014-04-12 23:13:15,29,29,77,83,3261,37,11,1,
2014-04-12 23:13:16,1,19,30,65,2361,164,4,1,
2014-04-12 23:13:17,16,32,8,26,1329,48,0,1,
2014-04-12 23:13:19,22,7,9,4,1331,184,5,0,
2014-04-12 23:13:20,5,28,0,95,2255,82,7,2,
2014-04-12 23:13:21,5,0,85,65,3072,28,4,1,
2014-04-12 23:13:22,7,17,75,7,1780,62,10,0,
2014-04-12 23:13:23,5,25,34,55,3313,55,7,1,
2014-04-12 23:13:24,6,28,52,54,1041,80,11,0,
2014-04-12 23:13:25,14,1,33,98,527,111,9,2,
2014-04-12 23:13:26,26,18,19,65,2568,198,15,0,
2014-04-12 23:13:27,14,10,14,94,2800,198,11,0,
2014-04-12 23:13:28,13,18,81,36,1652,154,5,0,
2014-04-12 23:13:29,30,6,68,52,3896,83,9,2,
2014-04-12 23:13:30,34,14,75,92,3246,186,2,2,
2014-04-12 23:13:31,28,2,90,17,319,187,8,1,
2014-04-12 23:13:32,14,17,67,15,2653,113,4,0,
2014-04-12 23:13:33,30,1,34,8,887,105,9,1,
2014-04-12 23:13:34,25,25,49,30,854,58,11,2,
2014-04-12 23:13:35,27,10,0,44,1837,128,9,0,
2014-04-12 23:13:36,10,26,68,78,11,124,7,1,
2014-04-12 23:13:37,11,2,16,36,3677,6,6,2,
2014-04-12 23:13:38,25,30,2,25,150,9,1,1,
2014-04-12 23:13:39,35,21,36,4,83,169,14,0,
2014-04-12 23:13:40,0,30,89,59,2957,9,9,2,
2014-04-12 23:13:41,13,3,100,33,3592,47,15,1,
2014-04-12 23:13:42,0,33,68,67,779,93,1,2,
2014-04-12 23:13:43,3,35,89,82,537,17,1,0,
2014-04-12 23:13:44,20,31,89,55,3305,148,10,2,
2014-04-12 23:13:45,8,32,9,99,1540,194,15,1,
2014-04-12 23:13:46,6,12,19,77,990,165,7,1,
2014-04-12 23:13:47,0,21,30,70,2804,50,13,1,
2014-04-12 23:13:48,19,24,73,87,2906,44,0,2,
2014-04-12 23:13:49,7,5,64,22,1545,153,7,1,
2014-04-12 23:13:50,15,27,70,20,3555,58,14,0,
2014-04-12 23:13:51,33,35,56,25,601,177,3,0,
2014-04-12 23:13:52,26,23,51,42,3870,163,14,0,
2014-04-12 23:13:53,28,28,94,74,1137,87,12,0,
2014-04-12 23:13:54,33,22,25,97,2582,32,5,1,
2014-04-12 23:13:55,3,14,63,85,15,30,7,0,
2014-04-12 23:13:56,6,2,47,58,1964,30,10,2,
2014-04-12 23:13:57,5,17,17,64,934,80,11,0,
2014-04-12 23:13:58,19,16,96,99,3548,103,10,1,
2014-04-12 23:13:59,26,11,6,61,941,28,6,1,
2014-04-12 23:14:00,7,14,46,74,24,11,3,0,
2014-04-12 23:14:01,23,27,30,66,2944,8,13,1,
2014-04-12 23:14:02,31,8,29,35,1382,149,9,1,
2014-04-12 23:14:03,6,23,33,91,3174,69,14,0,
2014-04-12 23:14:04,10,29,34,86,3494,94,13,1,
2014-04-12 23:14:05,14,21,28,87,876,192,10,1,
2014-04-12 23:14:06,19,18,18,53,3941,54,0,1,
2014-04-12 23:14:07,29,5,91,27,3026,47,8,1,
2014-04-12 23:14:08,16,23,87,65,2201,51,6,0,
2014-04-12 23:14:09,26,2,5,36,1007,122,13,2,
2014-04-12 23:14:10,17,2,11,87,834,170,4,1,
2014-04-12 23:14:11,14,6,24,55,3008,160,4,0,
2014-04-12 23:14:12,4,31,47,98,2681,44,4,1,
2014-04-12 23:14:13,30,32,91,88,1153,67,9,2,
2014-04-12 23:14:15,24,16,24,49,2025,47,15,2,
2014-04-12 23:14:16,17,12,92,51,3573,77,15,2,
2014-04-12 23:14:17,33,29,65,2,1073,100,12,0,
2014-04-12 23:14:18,18,33,81,79,294,190,11,0,
2014-04-12 23:14:19,18,24,94,12,1760,72,10,2,
2014-04-12 23:14:20,16,3,75,67,834,98,0,0,
2014-04-12 23:14:21,23,22,49,68,3714,180,7,1,
2014-04-12 23:14:22,32,32,32,38,3333,156,11,1,
2014-04-12 23:14:23,11,4,41,52,1040,146,13,1,
2014-04-12 23:14:24,30,3,72,53,251,107,13,0,
2014-04-12 23:14:25,15,19,67,73,2523,193,11,1,
2014-04-12 23:14:26,26,17,80,24,1953,56,8,1,
2014-04-12 23:14:27,34,12,45,82,2001,154,14,1,
2014-04-12 23:14:28,31,32,70,64,2828,163,4,2,
2014-04-12 23:14:29,27,8,55,9,1335,192,14,2,
2014-04-12 23:14:30,4,32,78,23,2232,154,1,0,
2014-04-12 23:14:31,13,25,10,38,798,173,3,2,
2014-04-12 23:14:32,32,10,88,54,2457,173,5,0,
2014-04-12 23:14:33,4,14,71,75,2187,44,5,1,
2014-04-12 23:14:34,4,3,13,72,2982,64,0,1,
2014-04-12 23:14:35,5,14,42,17,3024,101,0,2,
2014-04-12 23:14:36,7,30,93,98,2523,200,1,2,
2014-04-12 23:14:37,19,16,68,17,1770,10,4,2,
2014-04-12 23:14:38,14,18,67,71,1616,168,6,0,
2014-04-12 23:14:39,8,27,71,32,1682,181,3,0,
2014-04-12 23:14:40,7,3,69,51,55,40,5,2,
2014-04-12 23:14:41,27,21,35,22,957,142,11,2,
2014-04-12 23:14:42,9,35,27,85,2254,99,11,0,
2014-04-12 23:14:43,28,4,71,10,2292,93,4,1,
2014-04-12 23:14:44,30,23,76,49,1005,28,11,1,
2014-04-12 23:14:45,27,18,75,93,697,196,13,1,
2014-04-12 23:14:46,7,23,79,61,141,136,0,1,
2014-04-12 23:14:47,4,24,57,40,3872,89,9,1,
2014-04-12 23:14:48,9,24,72,5,2447,70,3,1,
2014-04-12 23:14:49,27,7,13,95,2022,23,0,2,
2014-04-12 23:14:50,29,14,40,92,786,65,1,1,
2014-04-12 23:14:51,34,2,27,57,3689,150,8,1,
2014-04-12 23:14:52,12,25,60,21,758,168,9,1,
2014-04-12 23:14:53,26,20,9,92,3661,41,15,1,
2014-04-12 23:14:54,21,34,66,94,123,75,9,1,
2014-04-12 23:14:55,2,0,86,92,1152,65,9,1,
2014-04-12 23:14:56,8,31,28,10,330,79,6,0,
2014-04-12 23:14:57,1,11,16,66,3742,127,14,2,
2014-04-12 23:14:58,27,10,10,35,80,9,15,0,
2014-04-12 23:14:59,6,33,0,12,2611,169,12,1,
2014-04-12 23:15:00,5,16,11,10,699,136,12,2,
2014-04-12 23:15:01,16,30,20,56,1847,25,11,1,
2014-04-12 23:15:02,10,0,89,47,1208,119,0,0,
2014-04-12 23:15:03,15,16,74,80,221,101,1,2,
2014-04-12 23:15:04,21,12,37,14,557,167,2,2,
2014-04-12 23:15:05,23,17,84,96,3847,171,8,2,
2014-04-12 23:15:06,8,21,26,100,364,30,9,1,
2014-04-12 23:15:07,33,17,81,1,1679,175,4,2,
2014-04-12 23:15:08,20,7,22,17,1469,168,11,1,
2014-04-12 23:15:09,23,7,15,17,2429,151,15,1,
2014-04-12 23:15:10,2,28,100,81,25,111,9,2,
2014-04-12 23:15:11,6,17,24,1,2833,185,11,0,
2014-04-12 23:15:12,35,9,41,59,3203,118,10,1,
2014-04-12 23:15:13,10,17,4,0,1025,101,13,2,
2014-04-12 23:15:14,6,34,12,84,833,114,15,0,
2014-04-12 23:15:15,23,12,82,81,3134,153,11,0,
2014-04-12 23:15:16,32,33,98,60,2906,62,14,0,
2014-04-12 23:15:17,34,0,46,34,2004,112,3,0,
2014-04-12 23:15:18,26,20,93,54,1782,63,15,2,
2014-04-12 23:15:19,29,12,57,16,1878,56,12,2,
2014-04-12 23:15:20,18,31,91,80,259,168,8,2,
2014-04-12 23:15:21,6,15,36,16,2423,172,1,2,
2014-04-12 23:15:22,15,28,87,48,2193,185,1,1,
2014-04-12 23:15:23,11,10,82,76,874,181,1,0,
2014-04-12 23:15:24,24,29,5,44,1207,143,4,0,
2014-04-12 23:15:25,1,8,100,50,844,154,9,2,
2014-04-12 23:15:26,2,2,40,37,2157,2,2,0,
2014-04-12 23:15:27,5,15,80,18,525,37,6,0,
2014-04-12 23:15:28,0,2,15,60,1818,84,4,2,
2014-04-12 23:15:29,24,21,8,43,3739,49,8,1,
2014-04-12 23:15:30,4,35,26,63,2381,199,1,1,
2014-04-12 23:15:32,34,20,19,64,2389,78,15,2,
2014-04-12 23:15:33,26,20,28,31,3591,112,10,2,
2014-04-12 23:15:34,8,0,72,38,3034,195,14,0,
2014-04-12 23:15:35,18,18,15,6,2746,11,3,2,
2014-04-12 23:15:36,8,8,40,82,2820,123,11,0,
2014-04-12 23:15:37,27,34,20,48,2808,161,2,0,
2014-04-12 23:15:38,10,4,40,76,3368,120,15,1,
2014-04-12 23:15:39,0,3,63,27,3538,147,7,1,
2014-04-12 23:15:40,6,4,87,65,1277,92,3,2,
2014-04-12 23:15:41,16,1,95,16,177,111,9,0,
2014-04-12 23:15:42,7,27,3,54,2586,176,15,1,
2014-04-12 23:15:43,13,7,66,52,1820,115,9,2,
2014-04-12 23:15:44,23,10,10,82,3743,193,15,1,
2014-04-12 23:15:45,34,19,6,54,3100,80,13,2,
2014-04-12 23:15:46,2,23,29,52,3572,82,7,2,
2014-04-12 23:15:47,4,10,94,94,3381,134,6,0,
2014-04-12 23:15:48,35,30,21,31,1826,139,12,0,
2014-04-12 23:15:49,1,19,94,30,1878,80,7,1,
2014-04-12 23:15:50,21,21,11,99,3544,99,9,0,
2014-04-12 23:15:51,11,17,30,57,2610,61,4,1,
2014-04-12 23:15:52,32,24,57,49,1143,78,12,2,
2014-04-12 23:15:53,3,21,22,87,732,54,12,2,
2014-04-12 23:15:54,23,10,56,22,485,53,10,1,
2014-04-12 23:15:55,34,26,97,93,3196,173,11,2,
2014-04-12 23:15:56,13,13,53,98,2624,138,4,2,
2014-04-12 23:15:57,29,19,54,31,3175,170,4,2,
2014-04-12 23:15:58,22,19,74,59,723,87,3,2,
2014-04-12 23:15:59,3,16,18,65,42,183,15,2,
2014-04-12 23:16:00,8,35,88,85,210,196,2,0,
2014-04-12 23:16:01,22,35,62,85,624,128,7,1,
2014-04-12 23:16:02,24,6,77,62,1217,58,2,2,
2014-04-12 23:16:03,11,9,33,36,2768,120,8,1,
2014-04-12 23:16:04,18,8,18,37,2615,153,13,1,
2014-04-12 23:16:05,14,4,81,41,800,103,14,0,
2014-04-12 23:16:06,15,6,42,68,2289,20,0,1,
2014-04-12 23:16:07,16,12,34,41,963,42,7,1,
2014-04-12 23:16:08,27,1,91,87,1208,17,1,2,
2014-04-12 23:16:09,11,14,55,67,1844,174,0,0,
2014-04-12 23:16:10,28,23,97,43,1866,1,11,1,
2014-04-12 23:16:11,8,7,45,49,2699,121,0,1,
2014-04-12 23:16:12,17,16,86,33,923,194,5,2,
2014-04-12 23:16:13,14,3,7,58,1852,39,7,1,
2014-04-12 23:16:14,24,19,86,88,1207,160,14,0,
2014-04-12 23:16:15,13,19,44,34,2669,22,14,1,
2014-04-12 23:16:16,6,21,82,59,3005,83,9,1,
2014-04-12 23:16:17,19,33,100,46,81,42,15,0,
2014-04-12 23:16:18,2,30,11,94,903,90,10,1,
2014-04-12 23:16:19,21,13,60,74,1194,178,12,1,
2014-04-12 23:16:20,7,9,75,88,3373,2,5,2,
2014-04-12 23:16:21,17,26,17,95,1516,199,7,0,
2014-04-12 23:16:22,8,26,44,36,1088,180,8,0,
2014-04-12 23:16:23,34,20,6,90,3719,183,6,1,
2014-04-12 23:16:24,4,26,4,3,2631,107,0,1,
2014-04-12 23:16:25,34,31,9,60,2669,51,2,2,
2014-04-12 23:16:26,13,27,38,46,3924,66,4,1,
2014-04-12 23:16:27,14,34,80,58,792,127,12,1,
2014-04-12 23:16:28,3,26,67,47,3187,133,6,0,
2014-04-12 23:16:29,21,20,54,82,442,98,0,1,
2014-04-12 23:16:30,14,28,49,7,2249,51,9,1,
2014-04-12 23:16:31,22,3,71,2,519,78,12,1,
2014-04-12 23:16:32,2,6,14,89,1039,185,12,2,
2014-04-12 23:16:33,11,18,8,52,1233,199,0,1,
2014-04-12 23:16:34,32,16,92,97,2387,79,15,1,
2014-04-12 23:16:35,27,2,42,23,2326,174,2,2,
2014-04-12 23:16:36,13,13,5,26,1560,187,13,2,
2014-04-12 23:16:37,1,13,28,36,1158,6,13,1,
2014-04-12 23:16:38,29,29,29,0,2199,168,10,1,
2014-04-12 23:16:39,9,33,95,89,1485,163,5,2,
2014-04-12 23:16:40,28,22,3,13,3660,124,5,0,
2014-04-12 23:16:41,16,26,14,38,3446,103,6,1,
2014-04-12 23:16:42,28,13,82,22,3965,172,15,2,
2014-04-12 23:16:43,0,2,37,1,309,157,11,0,
2014-04-12 23:16:44,16,24,39,92,3845,96,14,0,
2014-04-12 23:16:45,3,20,31,61,2027,135,8,0,
2014-04-12 23:16:46,7,2,13,79,52,42,15,2,
2014-04-12 23:16:47,14,28,8,36,3674,56,10,2,
2014-04-12 23:16:48,13,31,82,90,2992,107,4,1,
2014-04-12 23:16:49,15,28,37,63,690,186,15,1,
2014-04-12 23:16:50,17,15,65,19,2672,71,8,0,
2014-04-12 23:16:51,0,32,53,20,2407,41,8,2,
2014-04-12 23:16:52,8,3,55,66,1721,197,6,1,
2014-04-12 23:16:53,5,22,2,77,649,66,6,2,
2014-04-12 23:16:54,8,5,38,50,436,16,6,1,
2014-04-12 23:16:55,17,35,1,32,783,110,1,0,
2014-04-12 23:16:56,4,28,71,9,1892,118,6,1,
2014-04-12 23:16:57,8,3,97,20,810,155,13,1,
2014-04-12 23:16:58,15,33,58,2,1040,48,2,0,
2014-04-12 23:16:59,8,31,46,78,2187,30,15,2,
2014-04-12 23:17:00,21,1,88,19,2562,40,6,0,
2014-04-12 23:17:01,13,19,48,28,2827,193,6,1,
2014-04-12 23:17:02,8,30,15,55,2195,107,7,0,
2014-04-12 23:17:03,30,12,99,61,535,84,6,2,
2014-04-12 23:17:04,7,5,42,90,1058,129,0,0,
2014-04-12 23:17:05,2,5,28,62,1352,91,0,2,
2014-04-12 23:17:06,33,11,18,87,3650,73,5,0,
2014-04-12 23:17:07,5,25,78,41,3788,122,0,2,
2014-04-12 23:17:08,3,15,54,61,2143,120,6,0,
2014-04-12 23:17:09,17,18,4,70,1129,121,9,0,
2014-04-12 23:17:10,19,17,49,33,806,55,10,1,
2014-04-12 23:17:11,33,13,69,91,3210,47,1,0,
2014-04-12 23:17:12,5,27,28,62,1336,183,5,0,
2014-04-12 23:17:13,15,34,2,12,2022,199,13,2,
2014-04-12 23:17:14,7,30,20,13,2396,103,9,0,
2014-04-12 23:17:15,22,25,9,48,2600,39,15,1,
2014-04-12 23:17:16,0,22,89,73,967,69,1,1,
2014-04-12 23:17:17,10,16,20,18,2049,86,2,0,
2014-04-12 23:17:18,8,1,38,38,2155,196,2,2,
2014-04-12 23:17:19,12,19,87,82,3621,100,0,1,
2014-04-12 23:17:20,8,30,41,23,2580,144,3,1,
2014-04-12 23:17:21,26,23,10,100,3624,39,3,2,
2014-04-12 23:17:22,13,30,9,58,2225,127,11,1,
2014-04-12 23:17:23,7,30,26,35,829,28,3,0,
2014-04-12 23:17:24,7,24,95,17,70,164,10,2,
2014-04-12 23:17:25,8,25,82,75,592,109,4,1,
2014-04-12 23:17:26,17,30,24,89,424,45,7,2,
2014-04-12 23:17:27,27,32,87,23,331,19,13,2,
2014-04-12 23:17:28,16,35,71,18,2155,116,2,0,
2014-04-12 23:17:29,26,26,72,86,2197,42,14,0,
2014-04-12 23:17:30,14,20,17,30,3603,18,13,1,
2014-04-12 23:17:31,2,34,51,38,2982,5,11,2,
2014-04-12 23:17:32,33,22,30,29,2778,199,4,0,
2014-04-12 23:17:33,35,16,3,38,1967,152,11,0,
2014-04-12 23:17:34,8,3,14,52,2335,88,6,2,
2014-04-12 23:17:35,26,23,18,50,2625,71,3,0,
2014-04-12 23:17:36,29,2,58,1,1953,21,2,1,
2014-04-12 23:17:37,4,31,37,74,2485,1,2,0,
2014-04-12 23:17:38,25,8,9,62,1499,167,3,0,
2014-04-12 23:17:39,6,33,38,62,1029,167,10,1,
2014-04-12 23:17:40,23,4,46,16,3664,183,15,2,
2014-04-12 23:17:41,15,30,92,50,2667,46,15,2,
2014-04-12 23:17:42,15,29,39,7,450,13,7,1,
2014-04-12 23:17:43,22,6,93,97,2040,153,0,0,
2014-04-12 23:17:44,18,26,92,62,530,87,1,0,
2014-04-12 23:17:45,33,10,26,83,3065,156,13,2,
2014-04-12 23:17:46,3,26,8,16,437,163,9,1,
2014-04-12 23:17:47,33,35,58,86,1776,174,13,2,
2014-04-12 23:17:48,9,27,43,81,3368,110,15,2,
2014-04-12 23:17:49,8,4,55,5,2401,18,2,2,
2014-04-12 23:17:50,27,5,91,30,3857,31,14,0,
2014-04-12 23:17:51,35,6,17,82,2595,68,14,2,
2014-04-12 23:17:52,34,30,91,19,136,115,10,0,
2014-04-12 23:17:53,11,1,66,79,1170,106,4,2,
2014-04-12 23:17:54,3,16,25,49,486,129,12,0,
2014-04-12 23:17:55,11,34,80,83,36,164,7,1,
2014-04-12 23:17:56,20,21,92,9,2611,25,9,1,
2014-04-12 23:17:57,27,0,96,65,1069,103,14,1,
2014-04-12 23:17:58,33,30,29,28,3577,112,5,2,
2014-04-12 23:17:59,32,13,62,31,2277,18,0,2,
2014-04-12 23:18:00,29,5,9,61,3246,45,15,2,
2014-04-12 23:18:01,14,25,13,77,3637,91,5,2,
2014-04-12 23:18:02,30,6,9,20,938,181,13,2,
2014-04-12 23:18:03,4,7,45,78,2372,121,5,0,
2014-04-12 23:18:04,24,20,88,15,831,70,9,1,
2014-04-12 23:18:05,24,35,99,61,1325,194,0,0,
2014-04-12 23:18:06,2,29,8,73,617,177,1,2,
2014-04-12 23:18:07,17,20,39,4,702,28,2,1,
2014-04-12 23:18:08,0,7,88,3,3421,23,3,2,
2014-04-12 23:18:09,0,1,50,15,298,50,2,1,
2014-04-12 23:18:10,18,10,40,33,483,115,3,1,
2014-04-12 23:18:11,4,33,77,12,234,168,12,2,
2014-04-12 23:18:12,6,26,34,45,645,96,9,1,
2014-04-12 23:18:13,21,31,56,3,3339,22,6,0,
2014-04-12 23:18:14,31,11,92,83,115,140,15,2,
2014-04-12 23:18:15,28,0,40,55,3548,10,10,1,
2014-04-12 23:18:16,27,29,43,12,3006,48,2,1,
2014-04-12 23:18:17,18,19,28,74,3419,17,14,1,
2014-04-12 23:18:18,5,6,27,84,1791,143,3,1,
2014-04-12 23:18:19,7,18,55,53,185,82,0,2,
2014-04-12 23:18:20,4,16,7,94,811,143,2,1,
2014-04-12 23:18:21,13,18,47,1,378,147,4,0,
2014-04-12 23:18:22,13,6,62,51,3618,133,9,2,
2014-04-12 23:18:24,0,32,41,81,3940,78,15,2,
2014-04-12 23:18:25,34,26,1,10,2243,69,15,2,
2014-04-12 23:18:26,34,5,38,47,1135,104,7,0,
2014-04-12 23:18:27,6,24,30,43,52,183,12,1,
2014-04-12 23:18:28,8,2,72,49,3155,126,13,0,
2014-04-12 23:18:29,31,27,19,46,2441,26,11,2,
2014-04-12 23:18:30,28,9,46,82,1990,66,13,1,
2014-04-12 23:18:31,8,2,56,25,3326,113,1,2,
2014-04-12 23:18:32,20,15,97,1,1553,186,11,0,
2014-04-12 23:18:33,33,18,57,35,1353,55,14,1,
2014-04-12 23:20:16,16,19,37,20,1122,62,9,1,
2014-04-12 23:20:17,7,9,19,98,3515,159,15,2,
2014-04-12 23:20:18,17,5,65,37,389,97,1,2,
2014-04-12 23:20:19,7,23,49,35,3895,114,14,2,
2014-04-12 23:20:20,32,34,55,44,2082,56,0,2,
2014-04-12 23:20:21,23,32,98,61,3676,186,12,1,
2014-04-12 23:20:22,31,10,51,76,488,86,10,0,
2014-04-12 23:20:23,18,23,93,32,1751,114,2,1,
2014-04-12 23:20:24,2,15,84,52,731,188,5,0,
2014-04-12 23:20:25,10,0,11,95,1830,186,4,2,
2014-04-12 23:20:26,2,8,50,15,3538,197,2,2,
2014-04-12 23:20:27,16,18,49,0,278,80,14,0,
2014-04-12 23:20:28,11,24,28,65,1310,59,6,1,
2014-04-12 23:20:29,24,10,70,0,2669,45,3,0,
2014-04-12 23:20:30,18,14,17,3,1169,50,0,0,
2014-04-12 23:20:31,9,18,88,55,4,58,8,0,
2014-04-12 23:20:32,22,35,52,61,2009,101,0,0,
2014-04-12 23:20:33,23,16,28,6,2023,115,14,1,
2014-04-12 23:20:34,16,14,46,62,952,5,5,1,
2014-04-12 23:20:35,14,35,68,14,3899,181,12,0,
2014-04-12 23:20:36,30,7,82,32,1468,111,15,2,
2014-04-12 23:20:37,15,18,13,45,859,81,10,1,
2014-04-12 23:20:38,11,14,34,76,2175,62,9,2,
2014-04-12 23:20:39,9,27,50,34,283,76,11,2,
2014-04-12 23:20:40,27,26,8,40,2759,107,12,2,
2014-04-12 23:20:41,6,4,79,77,2441,46,11,2,
2014-04-12 23:20:42,22,30,16,40,3530,116,14,2,
2014-04-12 23:20:43,20,16,33,29,3918,96,12,1,
2014-04-12 23:20:44,3,15,29,39,3910,96,11,1,
2014-04-12 23:20:45,19,3,57,44,3126,52,12,2,
2014-04-12 23:20:46,33,29,62,23,173,80,4,1,
2014-04-12 23:20:47,11,12,24,98,1616,165,2,1,
2014-04-12 23:20:48,12,13,13,21,978,172,7,2,
2014-04-12 23:20:49,35,31,65,46,3750,3,8,1,
2014-04-12 23:20:50,21,21,41,44,1840,71,8,0,
2014-04-12 23:20:51,25,0,13,2,1975,111,8,2,
2014-04-12 23:20:52,16,1,56,46,274,13,13,1,
2014-04-12 23:20:53,18,4,77,72,166,32,4,1,
2014-04-12 23:20:54,16,23,84,37,157,163,4,2,
2014-04-12 23:20:56,32,30,74,66,311,20,7,1,
2014-04-12 23:20:57,3,7,86,24,3566,62,7,1,
2014-04-12 23:20:58,24,5,39,27,3605,145,11,2,
2014-04-12 23:20:59,8,3,10,90,1079,146,5,1,
2014-04-12 23:21:00,19,29,4,61,3597,74,5,0,
2014-04-12 23:21:01,26,23,50,28,3559,67,10,2,
2014-04-12 23:21:02,17,6,45,16,1088,134,3,0,
2014-04-12 23:21:03,35,20,35,6,729,114,10,1,
2014-04-12 23:21:04,0,28,39,17,366,124,6,0,
2014-04-12 23:21:05,35,19,80,32,3365,147,11,0,
2014-04-12 23:21:06,0,8,24,64,714,120,10,0,
2014-04-12 23:21:07,7,27,20,60,2584,84,15,1,
2014-04-12 23:21:08,32,9,89,45,3843,44,7,0,
2014-04-12 23:21:09,16,12,44,32,3090,125,6,0,
2014-04-12 23:21:10,11,17,47,38,1918,145,3,1,
2014-04-12 23:21:11,26,34,9,74,1729,10,9,2,
2014-04-12 23:21:12,17,35,49,11,3430,117,15,0,
2014-04-12 23:21:13,19,13,23,60,1967,121,5,1,
2014-04-12 23:21:14,33,31,9,100,3226,130,15,2,
2014-04-12 23:21:15,11,25,76,11,3503,177,9,1,
2014-04-12 23:21:16,19,29,28,15,399,91,3,0,
2014-04-12 23:21:17,31,25,61,38,3751,106,9,0,
2014-04-12 23:21:18,8,8,70,56,3225,174,12,1,
2014-04-12 23:21:19,9,6,73,67,1595,107,13,2,
2014-04-12 23:21:20,9,19,26,96,214,8,2,1,
2014-04-12 23:21:21,24,14,39,87,1695,111,0,0,
2014-04-12 23:21:22,29,0,1,44,3096,22,14,1,
2014-04-12 23:21:23,5,32,7,77,2014,105,10,2,
2014-04-12 23:21:24,30,1,25,31,1683,166,11,2,
2014-04-12 23:21:25,18,20,53,100,3842,43,14,2,
2014-04-12 23:21:26,0,5,41,59,1442,1,6,0,
2014-04-12 23:21:27,21,26,18,62,2666,49,11,0,
2014-04-12 23:21:28,5,11,91,46,3762,110,4,2,
2014-04-12 23:21:29,4,34,38,69,607,37,14,0,
2014-04-12 23:21:30,23,2,16,40,1612,6,1,2,
2014-04-12 23:21:31,16,7,23,93,2369,88,11,2,
2014-04-12 23:21:32,35,16,52,26,3796,66,0,2,
2014-04-12 23:21:33,9,8,61,96,3064,182,1,0,
2014-04-12 23:21:34,24,29,24,94,3050,117,13,2,
2014-04-12 23:21:35,9,31,37,84,1900,17,9,2,
2014-04-12 23:21:37,7,35,79,74,2604,109,10,2,
2014-04-12 23:21:38,11,22,0,18,130,161,14,2,
2014-04-12 23:21:39,8,8,69,32,3014,183,11,1,
2014-04-12 23:21:40,13,23,90,25,2296,98,7,1,
2014-04-12 23:21:41,12,27,90,4,1717,74,4,1,
2014-04-12 23:21:42,5,21,22,4,603,25,12,2,
2014-04-12 23:21:43,21,9,21,97,1298,75,10,1,
2014-04-12 23:21:44,14,22,64,29,3026,173,4,1,
2014-04-12 23:21:45,33,24,74,80,2800,152,12,0,
2014-04-12 23:21:46,7,13,0,11,3836,40,1,2,
2014-04-12 23:21:47,32,15,60,35,2010,70,12,2,
2014-04-12 23:21:48,22,4,31,50,2334,87,4,0,
2014-04-12 23:21:49,14,12,85,81,54,24,11,2,
2014-04-12 23:21:50,1,6,35,23,289,21,3,1,
2014-04-12 23:21:51,26,8,0,76,559,126,8,1,
2014-04-12 23:21:52,4,20,37,41,2022,21,8,2,
2014-04-12 23:21:53,10,29,82,70,1989,124,13,1,
2014-04-12 23:21:54,15,12,53,77,2930,84,10,2,
2014-04-12 23:21:55,7,13,41,41,68,149,10,0,
2014-04-12 23:21:56,26,34,56,31,3385,187,13,1,
2014-04-12 23:21:57,27,18,6,64,182,199,6,1,
2014-04-12 23:21:58,28,8,91,27,2106,28,7,0,
2014-04-12 23:21:59,12,6,21,66,3113,56,2,1,
2014-04-12 23:22:00,5,26,28,46,2486,119,11,1,
2014-04-12 23:22:01,9,7,89,100,95,63,9,1,
2014-04-12 23:22:02,4,5,31,0,730,32,12,1,
2014-04-12 23:22:03,22,29,33,65,3841,1,10,0,
2014-04-12 23:22:04,25,21,72,12,3163,7,5,0,
2014-04-12 23:22:05,7,34,57,91,3748,48,14,0,
2014-04-12 23:22:06,27,19,86,35,2055,191,7,1,
2014-04-12 23:22:07,8,29,17,79,2791,81,14,0,
2014-04-12 23:22:08,13,22,80,25,1189,134,5,0,
2014-04-12 23:22:09,0,13,74,22,3651,177,15,2,
2014-04-12 23:22:10,3,22,94,70,1903,15,11,2,
2014-04-12 23:22:11,5,29,9,63,1297,69,5,0,
2014-04-12 23:22:12,7,27,26,48,729,85,1,0,
2014-04-12 23:22:13,6,0,76,12,866,72,15,1,
2014-04-12 23:22:15,4,9,23,88,1024,69,7,1,
2014-04-12 23:22:16,11,13,40,44,1784,196,8,1,
2014-04-12 23:22:17,13,32,64,25,2302,194,6,0,
2014-04-12 23:22:18,2,20,30,21,1752,14,1,1,
2014-04-12 23:22:19,8,30,10,7,3833,107,12,0,
2014-04-12 23:22:20,30,11,38,51,3082,36,10,2,
2014-04-12 23:22:21,34,30,85,36,176,110,1,2,
2014-04-12 23:22:22,10,29,95,70,1283,81,11,2,
2014-04-12 23:22:23,7,19,29,31,675,79,4,0,
2014-04-12 23:22:24,19,34,86,34,1096,179,6,2,
2014-04-12 23:22:25,21,2,60,76,2190,195,1,0,
2014-04-12 23:22:26,9,26,80,71,2036,0,3,1,
2014-04-12 23:22:27,24,25,92,6,1299,100,7,2,
2014-04-12 23:22:28,15,25,59,45,2913,148,3,1,
2014-04-12 23:22:29,21,32,33,82,2790,173,11,0,
2014-04-12 23:22:30,13,22,50,19,370,124,15,2,
2014-04-12 23:22:31,33,7,37,38,309,76,11,1,
2014-04-12 23:22:32,26,8,44,25,2623,54,2,1,
2014-04-12 23:22:33,29,12,22,39,2471,188,14,1,
2014-04-12 23:22:34,2,19,37,55,354,60,0,2,
2014-04-12 23:22:35,33,12,40,69,3936,3,14,1,
2014-04-12 23:22:36,16,4,53,86,1820,152,12,2,
2014-04-12 23:22:37,12,8,60,22,3033,83,15,1,
2014-04-12 23:22:38,19,11,49,64,3116,43,3,1,
2014-04-12 23:22:39,22,20,97,44,1373,134,15,1,
2014-04-12 23:22:40,27,3,89,21,1395,89,6,2,
2014-04-12 23:22:41,29,26,48,64,1546,53,13,2,
2014-04-12 23:22:42,27,12,42,55,3545,43,12,0,
2014-04-12 23:22:43,4,23,8,17,2076,169,3,2,
2014-04-12 23:22:44,16,25,59,22,1252,101,15,0,
2014-04-12 23:22:45,3,22,6,93,1760,150,5,1,
2014-04-12 23:22:46,24,29,49,41,2143,126,11,2,
2014-04-12 23:22:47,4,8,46,17,306,32,6,1,
2014-04-12 23:22:48,22,34,4,94,1474,35,4,1,
2014-04-12 23:22:49,23,25,1,80,720,172,2,0,
2014-04-12 23:22:50,14,14,90,9,2777,12,9,2,
2014-04-12 23:22:51,30,24,47,89,500,179,10,0,
2014-04-12 23:22:52,18,3,0,95,766,85,1,2,
2014-04-12 23:22:53,9,31,98,1,2645,68,0,1,
2014-04-12 23:22:54,1,33,36,44,1137,49,9,1,
2014-04-12 23:22:55,9,19,74,8,1854,180,13,2,
2014-04-12 23:22:56,21,9,48,1,21,123,9,0,
2014-04-12 23:22:57,26,8,57,65,1870,97,14,1,
2014-04-12 23:22:58,12,30,86,1,2767,101,10,2,
2014-04-12 23:22:59,27,13,80,36,2051,85,7,2,
2014-04-12 23:23:00,15,22,15,27,1634,90,12,0,
2014-04-12 23:23:01,20,31,56,92,1569,61,3,1,
2014-04-12 23:23:02,32,32,23,53,1007,93,12,1,
2014-04-12 23:23:03,18,16,94,63,953,85,0,1,
2014-04-12 23:23:04,0,12,20,21,3320,134,14,1,
2014-04-12 23:23:05,34,15,63,34,1082,116,5,0,
2014-04-12 23:23:06,5,6,87,87,1642,77,15,2,
2014-04-12 23:23:07,20,16,26,88,88,96,6,1,
2014-04-12 23:23:08,21,0,59,35,3803,134,2,1,
2014-04-12 23:23:09,9,27,34,52,2185,192,15,1,
2014-04-12 23:23:10,34,5,25,97,1704,108,6,2,
2014-04-12 23:23:11,8,9,85,56,2831,35,5,0,
2014-04-12 23:23:12,1,31,3,88,841,28,9,1,
2014-04-12 23:23:13,12,6,6,63,3676,88,2,1,
2014-04-12 23:23:14,2,3,35,35,3544,122,5,2,
2014-04-12 23:23:15,9,30,30,66,103,103,0,0,
2014-04-12 23:23:16,11,21,84,60,3741,161,12,0,
2014-04-12 23:23:17,23,1,4,54,207,148,0,1,
2014-04-12 23:23:18,14,32,8,72,1994,131,2,1,
2014-04-12 23:23:19,7,34,47,47,328,188,1,2,
2014-04-12 23:23:20,21,34,7,84,963,116,3,0,
2014-04-12 23:23:21,5,34,39,35,243,132,11,0,
2014-04-12 23:23:22,33,4,76,77,3277,24,8,0,
2014-04-12 23:23:23,12,1,87,12,3072,141,5,2,
2014-04-12 23:23:24,15,24,60,39,3396,80,13,1,
2014-04-12 23:23:25,5,28,38,78,2237,143,9,1,
2014-04-12 23:23:26,29,11,22,59,2052,166,9,2,
2014-04-12 23:23:27,33,26,50,15,976,50,13,0,
2014-04-12 23:23:28,4,20,31,86,627,130,2,1,
2014-04-12 23:23:29,8,22,44,98,2177,190,3,1,
2014-04-12 23:23:30,32,21,78,18,3880,83,7,0,
2014-04-12 23:23:31,8,22,2,18,2136,28,14,2,
2014-04-12 23:23:32,6,20,70,80,465,80,2,2,
2014-04-12 23:23:33,29,5,87,50,232,115,11,2,
2014-04-12 23:23:34,10,21,2,62,283,118,9,0,
2014-04-12 23:23:35,11,28,36,77,3721,97,15,2,
2014-04-12 23:23:36,13,26,13,94,189,140,15,1,
2014-04-12 23:23:37,18,32,7,43,2420,103,13,0,
2014-04-12 23:23:38,4,21,54,47,2367,189,5,0,
2014-04-12 23:23:39,15,18,98,95,3653,32,10,2,
2014-04-12 23:23:40,7,10,79,83,3800,112,2,1,
2014-04-12 23:23:41,10,3,100,34,3030,18,9,0,
2014-04-12 23:23:42,19,8,72,64,3777,73,11,1,
2014-04-12 23:23:43,7,34,26,67,1547,152,0,0,
2014-04-12 23:23:44,24,7,97,55,2912,93,7,0,
2014-04-12 23:23:45,19,13,74,42,1869,75,3,2,
2014-04-12 23:23:46,18,28,25,5,3657,125,0,2,
2014-04-12 23:23:47,28,13,49,73,3567,186,5,1,
2014-04-12 23:23:48,20,32,5,82,879,41,1,0,
2014-04-12 23:23:50,23,12,21,100,3838,29,9,0,
2014-04-12 23:23:51,10,20,26,44,3159,14,1,1,
2014-04-12 23:23:52,16,11,28,58,3984,23,2,1,
2014-04-12 23:23:53,10,4,21,87,1689,163,13,2,
2014-04-12 23:23:54,31,22,52,45,773,177,14,2,
2014-04-12 23:23:55,10,31,46,90,3505,142,14,0,
2014-04-12 23:23:56,9,33,43,93,379,172,0,2,
2014-04-12 23:23:57,35,25,81,16,2276,174,13,0,
2014-04-12 23:23:58,25,26,22,43,946,172,15,0,
2014-04-12 23:23:59,20,28,71,24,2266,79,8,1,
2014-04-12 23:24:00,8,22,67,26,3821,36,10,2,
2014-04-12 23:24:01,2,12,45,33,2577,56,14,2,
2014-04-12 23:24:02,31,7,75,79,2714,191,10,0,
2014-04-12 23:24:03,30,24,49,8,1320,15,10,1,
2014-04-12 23:24:04,14,13,48,32,756,28,7,0,
2014-04-12 23:24:05,32,4,92,74,2212,116,9,1,
2014-04-12 23:24:06,3,24,26,99,2872,166,9,2,
2014-04-12 23:24:07,33,3,13,92,1804,93,11,1,
2014-04-12 23:24:08,13,9,28,86,1281,113,5,0,
2014-04-12 23:24:09,23,33,17,94,500,104,3,2,
2014-04-12 23:24:10,3,30,100,71,2123,137,1,1,
2014-04-12 23:24:11,31,7,4,3,3368,82,14,0,
2014-04-12 23:24:12,15,24,40,14,3943,166,14,0,
2014-04-12 23:24:13,13,29,14,90,1546,102,15,1,
2014-04-12 23:24:14,10,21,77,57,1819,79,6,1,
2014-04-12 23:24:15,11,26,69,84,3469,101,8,2,
2014-04-12 23:24:16,14,13,98,90,2211,119,5,2,
2014-04-12 23:24:17,13,17,78,67,286,185,6,2,
2014-04-12 23:24:18,2,11,82,81,1713,13,13,0,
2014-04-12 23:24:19,27,2,95,34,174,3,9,1,
2014-04-12 23:24:20,23,24,49,54,1528,123,2,1,
2014-04-12 23:24:21,12,7,72,94,1063,194,8,2,
2014-04-12 23:24:22,31,23,72,43,3512,3,1,0,
2014-04-12 23:24:23,31,17,68,21,2982,129,3,1,
2014-04-12 23:24:24,34,24,61,71,597,162,12,0,
2014-04-12 23:24:25,3,18,96,54,3443,85,2,1,
2014-04-12 23:24:26,24,34,40,21,772,20,5,1,
2014-04-12 23:24:27,13,12,58,93,1617,175,13,1,
2014-04-12 23:24:29,20,7,22,30,2424,185,11,0,
2014-04-12 23:24:30,21,25,79,89,3520,42,3,0,
2014-04-12 23:24:31,24,21,47,46,2233,191,8,2,
2014-04-12 23:24:32,34,11,90,71,3905,184,15,1,
2014-04-12 23:24:33,19,21,99,79,764,97,7,2,
2014-04-12 23:24:34,19,6,25,98,2009,68,11,1,
2014-04-12 23:24:35,20,26,90,0,3187,185,14,0,
2014-04-12 23:24:36,0,8,59,69,3576,166,1,0,
2014-04-12 23:24:37,1,15,85,81,962,166,9,0,
2014-04-12 23:24:38,8,35,84,65,3416,17,6,1,
2014-04-12 23:24:39,26,1,67,61,3771,4,13,1,
2014-04-12 23:24:40,15,14,42,91,1373,43,0,2,
2014-04-12 23:24:41,18,28,63,31,3524,162,9,2,
2014-04-12 23:24:42,32,6,70,84,3168,100,10,1,
2014-04-12 23:24:43,4,26,0,1,970,14,8,2,
2014-04-12 23:24:44,22,7,57,54,2659,187,10,0,
2014-04-12 23:24:45,19,28,66,8,2023,25,4,0,
2014-04-12 23:24:46,32,5,6,59,1935,197,0,2,
2014-04-12 23:24:47,3,16,19,98,3223,74,1,0,
2014-04-12 23:24:48,33,23,47,21,535,21,5,2,
2014-04-12 23:24:49,14,34,5,72,2738,179,2,2,
2014-04-12 23:24:50,19,3,47,75,3359,76,7,0,
2014-04-12 23:24:51,10,33,74,58,2578,21,9,1,
2014-04-12 23:24:52,26,26,1,40,478,35,10,0,
2014-04-12 23:24:53,15,32,92,46,1150,129,3,2,
2014-04-12 23:24:54,10,35,44,25,786,140,13,2,
2014-04-12 23:24:55,28,11,13,33,249,178,4,0,
2014-04-12 23:24:56,30,8,55,59,2410,12,2,0,
2014-04-12 23:24:57,9,18,36,87,931,98,1,2,
2014-04-12 23:24:58,32,6,83,27,1020,182,14,0,
2014-04-12 23:24:59,21,25,40,6,1367,3,8,0,
2014-04-12 23:25:00,1,6,10,69,1891,160,11,2,
2014-04-12 23:25:01,13,23,10,87,1673,53,7,1,
2014-04-12 23:25:02,26,27,43,90,2584,15,14,1,
2014-04-12 23:25:03,23,2,5,96,2415,156,7,0,
2014-04-12 23:25:04,7,22,75,51,1839,192,3,2,
2014-04-12 23:25:05,28,15,95,93,3364,89,10,0,
2014-04-12 23:25:06,18,18,15,37,3660,98,2,1,
2014-04-12 23:25:07,9,30,75,42,1430,126,6,2,
2014-04-12 23:25:08,20,7,19,13,1197,186,11,1,
2014-04-12 23:25:09,30,3,70,5,623,72,2,1,
2014-04-12 23:25:10,8,35,9,20,3255,70,10,0,
2014-04-12 23:25:11,7,9,54,26,3296,39,14,1,
2014-04-12 23:25:12,16,16,91,82,3875,167,14,0,
2014-04-12 23:25:13,32,15,48,76,2528,153,8,1,
2014-04-12 23:25:14,18,35,66,37,1330,187,4,0,
2014-04-12 23:25:15,20,4,91,74,3635,3,11,0,
2014-04-12 23:25:16,25,5,82,52,2311,99,3,2,
2014-04-12 23:25:17,24,9,13,12,1704,104,2,0,
2014-04-12 23:25:18,22,12,98,30,3055,108,1,2,
2014-04-12 23:25:19,15,26,57,99,3263,153,4,0,
2014-04-12 23:25:20,21,1,65,93,734,156,6,1,
2014-04-12 23:25:21,32,34,12,81,3961,176,14,0,
2014-04-12 23:25:22,28,28,26,81,2630,192,3,0,
2014-04-12 23:25:23,18,11,39,28,3360,101,5,0,
2014-04-12 23:25:24,6,21,42,22,2637,6,4,0,
2014-04-12 23:25:25,16,19,94,67,947,66,5,1,
2014-04-12 23:25:26,16,31,12,70,2407,34,0,2,
2014-04-12 23:25:27,31,5,92,9,2011,164,3,1,
2014-04-12 23:25:28,22,33,72,33,2145,137,1,2,
2014-04-12 23:25:29,25,31,14,78,788,121,5,2,
2014-04-12 23:25:30,23,10,73,76,2604,184,0,0,
2014-04-12 23:25:31,2,34,51,4,1832,6,11,2,
2014-04-12 23:25:32,34,17,1,74,137,112,9,2,
2014-04-12 23:25:33,35,8,6,90,3584,36,7,0,
2014-04-12 23:25:34,30,11,93,73,3652,99,1,1,
2014-04-12 23:25:35,1,6,42,67,2248,115,12,2,
2014-04-12 23:25:36,13,29,99,78,438,175,11,0,
2014-04-12 23:25:37,25,4,67,78,3408,97,7,0,
2014-04-12 23:25:38,14,7,33,19,1283,111,7,1,
2014-04-12 23:25:39,28,17,67,38,522,96,7,0,
2014-04-12 23:25:40,30,4,13,34,1168,172,8,0,
2014-04-12 23:25:41,7,8,20,57,129,171,4,2,
2014-04-12 23:25:42,35,27,4,93,2197,188,9,1,
2014-04-12 23:25:43,22,2,58,37,2665,65,15,2,
2014-04-12 23:25:44,13,16,70,10,1230,190,6,1,
2014-04-12 23:25:45,8,17,50,28,2839,177,8,2,
2014-04-12 23:25:46,30,16,92,18,3893,30,1,0,
2014-04-12 23:25:47,3,23,56,17,3750,92,0,1,
2014-04-12 23:25:48,28,2,63,78,2936,8,12,0,
2014-04-12 23:25:49,27,19,38,49,2841,141,7,2,
2014-04-12 23:25:50,31,15,68,99,3343,44,2,2,
2014-04-12 23:25:51,5,9,84,41,3978,160,4,1,
2014-04-12 23:25:52,19,34,96,17,1080,7,6,1,
2014-04-12 23:25:53,35,12,95,43,1718,187,6,1,
2014-04-12 23:25:54,22,16,36,9,3226,173,0,0,
2014-04-12 23:25:55,17,22,55,10,379,90,13,0,
2014-04-12 23:25:56,24,33,25,82,3482,86,13,2,
2014-04-12 23:25:57,14,10,28,67,1491,105,10,0,
2014-04-12 23:25:58,0,4,38,82,3621,86,11,1,
2014-04-12 23:25:59,10,9,58,45,1688,111,2,2,
2014-04-12 23:26:00,30,12,85,22,2012,173,7,1,
2014-04-12 23:26:01,34,3,19,58,319,100,2,2,
2014-04-12 23:26:03,33,28,28,50,1396,139,15,2,
2014-04-12 23:26:04,10,1,91,81,767,74,4,0,
2014-04-12 23:26:05,20,2,61,72,1754,41,15,0,
2014-04-12 23:26:06,32,21,59,15,3285,86,15,2,
2014-04-12 23:26:07,12,9,7,15,439,122,9,2,
2014-04-12 23:26:08,19,22,47,81,624,98,7,2,
2014-04-12 23:26:09,7,6,27,100,2949,41,11,0,
2014-04-12 23:26:10,8,8,100,34,3275,2,5,2,
2014-04-12 23:26:11,14,17,99,40,3071,190,8,0,
2014-04-12 23:26:12,33,33,63,86,299,176,13,0,
2014-04-12 23:26:13,6,7,89,47,2086,160,12,2,
2014-04-12 23:26:14,6,1,99,98,2973,67,0,1,
2014-04-12 23:26:15,33,8,33,85,557,186,4,0,
2014-04-12 23:26:16,21,31,89,74,3272,143,9,1,
2014-04-12 23:26:17,17,23,18,87,2050,29,2,2,
2014-04-12 23:26:18,1,5,51,82,3628,62,3,2,
2014-04-12 23:26:19,22,19,65,12,3033,194,2,1,
2014-04-12 23:26:20,6,19,95,27,2871,141,1,2,
2014-04-12 23:26:21,26,35,0,89,2836,139,13,2,
2014-04-12 23:26:22,25,24,0,49,276,86,4,0,
2014-04-12 23:26:23,4,22,94,53,2228,21,1,2,
2014-04-12 23:26:24,21,7,28,79,3150,72,11,1,
2014-04-12 23:26:25,10,17,91,5,243,85,10,0,
2014-04-12 23:26:26,18,13,97,38,3936,131,6,1,
2014-04-12 23:26:27,1,31,33,48,3073,115,13,2,
2014-04-12 23:26:28,0,17,53,76,2535,151,14,0,
2014-04-12 23:26:29,0,26,16,40,2065,45,5,2,
2014-04-12 23:26:30,30,4,39,30,1765,23,0,2,
2014-04-12 23:26:31,30,7,48,67,1511,45,9,1,
2014-04-12 23:26:32,22,26,26,90,1592,69,2,0,
2014-04-12 23:26:33,34,28,83,31,2475,28,2,0,
2014-04-12 23:26:34,28,8,1,2,1916,176,6,1,
2014-04-12 23:26:35,35,31,39,32,3071,31,8,2,
2014-04-12 23:26:36,35,24,55,81,1455,67,1,0,
2014-04-12 23:26:37,7,29,18,64,2274,1,15,2,
2014-04-12 23:26:38,7,18,25,79,3233,76,10,1,
2014-04-12 23:26:39,20,16,67,55,2114,53,12,2,
2014-04-12 23:26:40,16,0,92,27,2736,107,1,1,
2014-04-12 23:26:41,15,33,25,10,2501,19,12,0,
2014-04-12 23:26:42,20,23,18,55,3615,77,8,0,
2014-04-12 23:26:43,19,0,21,89,151,157,5,1,
2014-04-12 23:26:44,27,0,31,61,1022,66,8,1,
2014-04-12 23:26:45,12,24,70,57,3545,29,3,1,
2014-04-12 23:26:46,4,25,54,2,774,7,15,0,
2014-04-12 23:26:47,29,8,38,82,1698,108,15,1,
2014-04-12 23:26:48,0,5,1,46,2302,121,5,2,
2014-04-12 23:26:49,5,21,51,73,1957,125,14,0,
2014-04-12 23:26:50,30,31,51,64,1952,1,8,0,
2014-04-12 23:26:51,25,35,20,52,2899,185,2,1,
2014-04-12 23:26:52,12,27,87,50,3718,103,1,2,
2014-04-12 23:26:53,30,7,27,39,1835,126,0,0,
2014-04-12 23:26:54,7,12,93,13,3817,113,2,0,
2014-04-12 23:26:55,24,21,64,15,2280,66,4,2,
2014-04-12 23:26:56,23,29,80,75,996,170,15,1,
2014-04-12 23:26:57,34,13,90,41,2954,90,13,1,
2014-04-12 23:26:58,29,20,3,36,1068,80,0,1,
2014-04-12 23:26:59,21,5,85,47,1011,14,5,1,
2014-04-12 23:27:00,19,23,12,46,1697,1,5,1,
2014-04-12 23:27:01,22,23,50,59,789,67,12,1,
2014-04-12 23:27:03,14,29,89,83,1064,136,5,1,
2014-04-12 23:27:04,6,29,60,58,987,189,3,0,
2014-04-12 23:27:05,13,30,5,100,2468,75,8,1,
2014-04-12 23:27:06,30,24,63,82,3370,16,11,0,
2014-04-12 23:27:07,11,10,69,55,244,136,14,0,
2014-04-12 23:27:08,29,4,61,16,3193,161,7,1,
2014-04-12 23:27:09,9,33,64,76,2929,108,15,0,
2014-04-12 23:27:10,15,20,1,28,3175,106,5,2,
2014-04-12 23:27:11,26,29,27,70,1167,85,4,1,
2014-04-12 23:27:12,3,26,75,62,1998,47,10,1,
2014-04-12 23:27:13,4,31,21,99,2221,138,8,2,
2014-04-12 23:27:14,26,2,81,32,1783,144,3,0,
2014-04-12 23:27:15,28,19,16,42,1624,144,4,0,
2014-04-12 23:27:16,8,32,40,57,3856,195,4,0,
2014-04-12 23:27:17,8,1,99,90,1905,98,4,0,
2014-04-12 23:27:18,30,12,50,35,1213,148,10,2,
2014-04-12 23:27:19,25,16,66,6,1071,39,14,0,
2014-04-12 23:27:20,1,32,70,77,290,47,5,2,
2014-04-12 23:27:21,15,23,99,31,3484,132,4,1,
2014-04-12 23:27:22,29,27,64,19,2939,151,2,0,
2014-04-12 23:27:23,3,33,33,69,301,132,8,0,
2014-04-12 23:27:24,16,24,42,6,350,146,3,1,
2014-04-12 23:27:25,3,2,46,17,3120,119,15,1,
2014-04-12 23:27:26,6,11,81,31,2287,35,10,2,
2014-04-12 23:27:27,22,11,10,26,686,53,11,1,
2014-04-12 23:27:28,12,30,67,100,3629,117,0,0,
2014-04-12 23:27:29,6,0,56,65,3910,42,8,1,
2014-04-12 23:27:30,14,1,100,46,3381,110,11,0,
2014-04-12 23:27:31,19,6,46,73,2073,18,15,2,
2014-04-12 23:27:32,13,23,67,79,2516,178,13,2,
2014-04-12 23:27:33,28,15,80,95,2378,70,1,1,
2014-04-12 23:27:34,7,10,30,100,1650,182,11,0,
2014-04-12 23:27:35,5,21,86,0,3110,7,7,1,
2014-04-12 23:27:36,13,17,85,76,119,149,0,1,
2014-04-12 23:27:37,24,24,66,88,1474,86,2,0,
2014-04-12 23:27:38,15,20,71,42,719,130,2,2,
2014-04-12 23:27:39,9,10,67,69,88,45,7,2,
2014-04-12 23:27:40,29,7,86,90,652,34,10,2,
2014-04-12 23:27:41,27,27,92,86,1662,197,0,2,
2014-04-12 23:27:42,18,1,58,5,3291,120,2,1,
2014-04-12 23:27:43,8,15,5,0,1468,1,12,0,
2014-04-12 23:27:44,28,29,75,42,1479,196,11,1,
2014-04-12 23:27:45,8,2,34,36,759,100,8,2,
2014-04-12 23:27:46,10,32,37,80,1151,53,4,2,
2014-04-12 23:27:47,6,11,77,39,1109,36,13,0,
2014-04-12 23:27:48,29,2,38,38,3425,0,3,0,
2014-04-12 23:27:49,5,32,81,88,1377,82,8,1,
2014-04-12 23:27:50,18,18,10,45,252,198,4,0,
2014-04-12 23:27:51,10,8,0,33,3892,110,11,0,
2014-04-12 23:27:52,2,35,56,39,843,99,15,1,
2014-04-12 23:27:53,21,3,92,37,2073,10,9,0,
2014-04-12 23:27:55,35,27,50,12,3957,87,11,2,
2014-04-12 23:27:56,5,33,59,2,2723,103,13,2,
2014-04-12 23:27:57,23,13,62,21,3270,123,12,0,
2014-04-12 23:27:58,33,28,18,43,478,0,0,1,
2014-04-12 23:27:59,6,33,35,92,1755,64,5,1,
2014-04-12 23:28:00,13,26,69,22,252,59,2,0,
2014-04-12 23:28:01,27,6,33,54,742,22,14,1,
2014-04-12 23:28:02,18,14,37,28,3294,154,6,0,
2014-04-12 23:28:03,16,32,47,11,356,149,11,0,
2014-04-12 23:28:04,14,16,84,34,3506,21,3,1,
2014-04-12 23:28:05,2,10,27,6,122,36,5,0,
2014-04-12 23:28:06,21,35,62,87,3773,169,10,2,
2014-04-12 23:28:07,22,23,81,16,3864,8,10,1,
2014-04-12 23:28:08,29,28,1,45,909,48,7,0,
2014-04-12 23:28:09,18,16,97,39,1480,104,9,2,
2014-04-12 23:28:10,8,14,50,11,3195,163,14,1,
2014-04-12 23:28:11,0,34,0,58,689,197,2,2,
2014-04-12 23:28:12,18,14,2,7,1583,178,8,1,
2014-04-12 23:28:13,15,30,93,6,16,14,12,2,
2014-04-12 23:28:14,34,4,69,84,2786,182,4,0,
2014-04-12 23:28:15,3,2,37,94,2818,17,5,0,
2014-04-12 23:28:17,26,24,43,61,1745,174,9,1,
2014-04-12 23:28:20,12,9,2,50,195,15,12,1,
2014-04-12 23:28:22,31,3,60,66,3008,46,2,2,
2014-04-12 23:28:23,31,18,84,78,2118,101,7,0,
2014-04-12 23:28:24,34,33,49,59,2412,174,14,0,
2014-04-12 23:28:25,27,26,35,10,3743,27,7,1,
2014-04-12 23:28:26,20,3,11,54,2838,109,1,1,
2014-04-12 23:28:27,27,30,100,19,2774,181,4,1,
2014-04-12 23:28:28,4,2,86,81,3245,175,13,2,
2014-04-12 23:28:29,1,25,3,62,1982,14,11,0,
2014-04-12 23:28:30,18,30,62,16,123,115,6,0,
2014-04-12 23:28:31,3,21,64,5,2626,48,12,0,
2014-04-12 23:28:32,4,4,16,41,1746,48,10,1,
2014-04-12 23:28:33,34,33,31,32,2991,103,15,0,
2014-04-12 23:28:34,22,32,42,94,1947,175,6,2,
2014-04-12 23:28:36,9,9,52,6,3878,27,9,0,
2014-04-12 23:28:38,32,25,24,78,2299,110,11,1,
2014-04-12 23:28:39,15,26,18,95,1484,6,11,0,
2014-04-12 23:28:40,29,17,99,86,207,104,9,2,
2014-04-12 23:28:41,27,19,60,75,2560,18,11,1,
2014-04-12 23:28:42,8,16,87,85,3,133,11,0,
2014-04-12 23:28:43,23,20,94,25,449,185,8,0,
2014-04-12 23:28:44,20,28,16,52,3870,42,0,1,
2014-04-12 23:28:45,13,6,55,33,158,153,4,0,
2014-04-12 23:28:46,27,30,1,74,3215,25,5,2,
2014-04-12 23:28:47,31,19,39,22,868,187,12,1,
2014-04-12 23:28:48,19,23,8,64,798,104,10,2,
2014-04-12 23:28:49,3,21,85,18,2794,199,2,1,
2014-04-12 23:28:50,21,13,42,26,3840,164,14,0,
2014-04-12 23:28:51,16,4,64,35,1618,197,11,0,
2014-04-12 23:28:52,20,30,4,70,3990,124,13,0,
2014-04-12 23:28:53,0,9,34,4,1863,176,14,1,
2014-04-12 23:28:54,34,27,15,6,2058,15,9,1,
2014-04-12 23:28:55,34,24,28,53,185,6,7,0,
2014-04-12 23:28:56,8,6,67,74,3571,188,1,2,
2014-04-12 23:28:57,16,5,26,8,2052,166,8,1,
2014-04-12 23:28:58,29,8,43,32,3277,179,9,1,
2014-04-12 23:28:59,20,0,5,76,3474,60,6,1,
2014-04-12 23:29:00,30,19,77,78,2030,121,15,1,
2014-04-12 23:29:01,22,29,76,61,3335,128,0,2,
2014-04-12 23:29:02,28,33,92,58,3860,170,15,0,
2014-04-12 23:29:03,23,10,98,46,72,6,11,0,
2014-04-12 23:29:04,14,16,85,88,3993,28,8,1,
2014-04-12 23:29:05,12,16,57,73,3301,119,11,0,
2014-04-12 23:29:06,24,14,97,93,25,196,15,1,
2014-04-12 23:29:07,23,4,92,73,269,139,4,2,
2014-04-12 23:29:08,26,3,79,51,3477,105,7,0,
2014-04-12 23:29:09,3,30,43,81,3288,169,10,1,
2014-04-12 23:29:10,14,19,62,39,2238,144,1,0,
2014-04-12 23:29:11,33,8,22,13,1136,5,8,0,
2014-04-12 23:29:12,8,33,82,49,2807,21,14,0,
2014-04-12 23:29:13,0,34,63,85,379,18,0,2,
2014-04-12 23:29:14,20,30,84,20,572,23,6,1,
2014-04-12 23:29:15,31,4,36,41,1021,39,4,0,
2014-04-12 23:29:16,31,1,67,5,3280,115,12,1,
2014-04-12 23:29:17,13,16,57,82,3781,13,10,1,
2014-04-12 23:29:18,29,14,63,37,846,170,9,0,
2014-04-12 23:29:19,8,3,1,97,1708,46,0,1,
2014-04-12 23:29:20,3,27,70,17,2761,81,1,2,
2014-04-12 23:29:21,24,8,88,46,1836,160,5,0,
2014-04-12 23:29:22,26,13,76,35,3237,34,13,1,
2014-04-12 23:29:23,11,11,67,93,74,150,8,0,
2014-04-12 23:29:24,35,17,88,36,2453,195,0,1,
2014-04-12 23:29:25,33,25,65,30,2936,114,2,1,
2014-04-12 23:29:26,32,0,75,95,487,36,0,1,
2014-04-12 23:29:27,14,7,53,55,716,124,14,1,
2014-04-12 23:29:28,13,11,30,90,1134,149,2,1,
2014-04-12 23:29:29,21,2,76,65,2312,40,8,1,
2014-04-12 23:29:30,34,5,78,89,3579,158,2,1,
2014-04-12 23:29:31,2,11,39,56,2747,83,0,1,
2014-04-12 23:29:32,18,17,51,45,2092,156,1,1,
2014-04-12 23:29:33,17,6,98,76,1243,87,7,2,
2014-04-12 23:29:34,23,14,6,28,3283,135,6,1,
2014-04-12 23:29:35,27,14,68,12,886,32,7,0,
2014-04-12 23:29:36,22,21,39,24,2279,192,13,2,
2014-04-12 23:29:37,33,29,64,43,2269,186,12,0,
2014-04-12 23:29:38,17,29,35,34,178,58,7,1,
2014-04-12 23:29:39,20,4,2,71,288,16,9,0,
2014-04-12 23:29:40,30,28,53,45,3996,9,3,0,
2014-04-12 23:29:41,32,18,41,48,3952,127,9,1,
2014-04-12 23:29:42,20,35,80,86,3351,193,9,1,
2014-04-12 23:29:43,7,23,56,74,2180,42,6,0,
2014-04-12 23:29:44,10,2,19,88,2362,63,12,0,
2014-04-12 23:29:45,26,2,22,54,387,193,3,0,
2014-04-12 23:29:46,28,3,4,24,3094,32,4,0,
2014-04-12 23:29:47,12,26,77,100,1695,9,3,1,
2014-04-12 23:29:48,25,2,2,84,2454,102,1,0,
2014-04-12 23:29:49,25,31,60,17,926,128,12,2,
2014-04-12 23:29:50,3,12,90,66,226,182,4,1,
2014-04-12 23:29:51,5,11,24,19,716,178,5,1,
2014-04-12 23:29:52,32,11,9,17,2478,40,4,1,
2014-04-12 23:29:53,13,15,71,92,674,31,0,2,
2014-04-12 23:29:54,4,18,18,45,1939,71,6,0,
2014-04-12 23:29:55,20,5,15,35,907,112,12,0,
2014-04-12 23:29:56,31,31,0,32,1980,181,9,2,
2014-04-12 23:29:57,16,33,96,4,2928,66,10,0,
2014-04-12 23:29:58,9,6,47,39,2092,73,2,1,
2014-04-12 23:29:59,3,23,32,73,2542,130,13,0,
2014-04-12 23:30:00,30,32,5,19,106,137,15,0,
2014-04-12 23:30:01,4,7,43,50,2271,131,3,0,
2014-04-12 23:30:02,30,5,6,28,1747,104,4,1,
2014-04-12 23:30:03,26,0,98,96,2884,102,14,2,
2014-04-12 23:30:04,11,23,37,18,2996,185,11,0,
2014-04-12 23:30:05,35,0,53,31,3222,143,0,0,
2014-04-12 23:30:06,20,16,29,14,2671,129,7,2,
2014-04-12 23:30:07,21,33,98,7,1999,112,0,2,
2014-04-12 23:30:08,30,31,57,81,1973,147,10,0,
2014-04-12 23:30:09,11,25,17,91,3168,107,4,1,
2014-04-12 23:30:10,12,3,63,59,2427,84,13,0,
2014-04-12 23:30:11,11,17,8,52,2439,53,15,2,
2014-04-12 23:30:12,35,12,22,90,2748,117,2,2,
2014-04-12 23:30:13,19,15,2,3,2577,104,4,1,
2014-04-12 23:30:14,8,33,91,38,989,55,1,2,
2014-04-12 23:30:15,9,0,45,21,3336,27,9,0,
2014-04-12 23:30:16,26,4,34,39,1704,77,3,0,
2014-04-12 23:30:17,12,23,82,9,2667,112,5,0,
2014-04-12 23:30:18,35,7,68,73,606,11,14,0,
2014-04-12 23:30:19,24,10,26,79,1270,51,2,0,
2014-04-12 23:30:20,6,28,78,16,3938,21,14,1,
2014-04-12 23:30:21,20,9,12,97,608,165,1,0,
2014-04-12 23:30:22,26,16,44,44,3768,61,2,0,
2014-04-12 23:30:23,31,19,45,67,3162,153,10,1,
2014-04-12 23:30:24,29,12,88,42,1800,94,4,1,
2014-04-12 23:30:25,32,18,83,33,154,16,10,0,
2014-04-12 23:30:26,0,9,50,79,3890,170,4,1,
2014-04-12 23:30:27,29,7,47,46,3195,90,15,1,
2014-04-12 23:30:28,28,28,58,10,1066,44,13,1,
2014-04-12 23:30:29,4,24,1,72,960,62,11,1,
2014-04-12 23:30:30,10,14,71,20,3454,9,12,0,
2014-04-12 23:30:31,2,31,31,55,2866,45,10,2,
2014-04-12 23:30:32,15,34,97,12,2423,99,4,0,
2014-04-12 23:30:33,9,22,85,41,3043,94,9,1,
2014-04-12 23:30:34,6,4,9,100,943,30,10,0,
2014-04-12 23:30:35,8,12,54,94,2113,93,15,0,
2014-04-12 23:30:36,30,3,50,99,713,95,14,0,
2014-04-12 23:30:37,26,1,71,69,185,164,14,2,
2014-04-12 23:30:38,5,20,77,33,2082,93,1,0,
2014-04-12 23:30:39,4,3,48,5,1308,55,4,1,
2014-04-12 23:30:40,1,18,87,44,154,16,8,0,
2014-04-12 23:30:41,11,6,95,84,412,143,8,1,
2014-04-12 23:30:42,16,24,27,99,1604,22,1,0,
2014-04-12 23:30:43,12,14,39,70,817,91,10,1,
2014-04-12 23:30:44,18,28,37,26,3906,175,1,2,
2014-04-12 23:30:45,1,3,23,54,124,108,2,0,
2014-04-12 23:30:46,1,1,13,33,103,103,12,0,
2014-04-12 23:30:47,11,13,0,24,2780,144,6,2,
2014-04-12 23:30:48,15,13,66,54,1329,114,9,2,
2014-04-12 23:30:49,32,27,7,44,3935,86,3,0,
2014-04-12 23:30:51,9,6,71,85,920,65,1,0,
2014-04-12 23:30:52,8,9,84,58,2055,108,10,1,
2014-04-12 23:30:53,12,4,51,89,203,25,14,0,
2014-04-12 23:30:54,15,19,66,77,2772,133,0,2,
2014-04-12 23:30:55,29,14,20,56,1371,83,0,0,
2014-04-12 23:30:56,26,33,2,74,3371,57,4,2,
2014-04-12 23:30:57,9,33,18,23,2038,80,2,2,
2014-04-12 23:30:58,17,19,25,93,2980,140,11,2,
2014-04-12 23:30:59,6,1,45,7,738,92,1,0,
2014-04-12 23:31:00,5,25,24,94,3059,110,6,1,
2014-04-12 23:31:01,26,9,39,73,890,73,6,1,
2014-04-12 23:31:02,33,30,57,16,2903,139,5,1,
2014-04-12 23:31:03,5,13,56,63,389,111,2,0,
2014-04-12 23:31:04,18,35,58,88,2998,184,9,2,
2014-04-12 23:31:05,20,27,30,22,2289,66,12,0,
2014-04-12 23:31:06,20,30,100,86,1253,100,8,2,
2014-04-12 23:31:07,30,23,35,1,2673,68,8,2,
2014-04-12 23:31:08,25,2,13,89,1571,191,3,2,
2014-04-12 23:31:09,35,7,49,94,2955,35,11,1,
2014-04-12 23:31:10,3,3,12,59,3433,197,9,1,
2014-04-12 23:31:11,9,5,17,19,2673,38,3,1,
2014-04-12 23:31:12,17,32,59,69,2414,158,14,2,
2014-04-12 23:31:13,25,34,21,10,446,107,7,1,
2014-04-12 23:31:14,25,0,34,46,199,81,10,0,
2014-04-12 23:31:15,11,34,8,59,2593,85,12,2,
2014-04-12 23:31:16,12,15,64,52,3716,168,0,2,
2014-04-12 23:31:17,34,21,28,94,1557,184,7,2,
2014-04-12 23:31:18,12,33,98,27,1727,16,10,2,
2014-04-12 23:31:19,20,34,73,52,1455,39,1,2,
2014-04-12 23:31:20,35,4,92,19,640,101,2,0,
2014-04-12 23:31:21,0,1,0,73,2056,13,10,1,
2014-04-12 23:31:22,31,22,6,2,3792,144,7,1,
2014-04-12 23:31:23,14,14,49,34,2199,9,3,2,
2014-04-12 23:31:24,6,7,47,14,2228,198,6,0,
2014-04-12 23:31:25,28,27,60,26,3623,103,15,1,
2014-04-12 23:31:26,0,15,19,25,1174,74,10,2,
2014-04-12 23:31:27,7,23,99,89,2957,146,0,0,
2014-04-12 23:31:28,12,6,90,11,2017,111,4,0,
2014-04-12 23:31:29,17,35,11,39,458,185,9,2,
2014-04-12 23:31:30,31,2,4,83,2942,54,1,0,
2014-04-12 23:31:31,20,27,12,3,2421,61,9,0,
2014-04-12 23:31:32,15,32,77,66,202,77,4,1,
2014-04-12 23:31:33,4,33,63,28,1545,108,13,1,
2014-04-12 23:31:34,22,19,70,50,1034,171,4,1,
2014-04-12 23:31:35,15,11,67,75,1194,41,4,2,
2014-04-12 23:31:36,11,11,44,66,2667,163,2,2,
2014-04-12 23:31:37,29,7,65,89,2562,71,7,0,
2014-04-12 23:31:38,11,33,73,51,1234,73,7,0,
2014-04-12 23:31:39,32,7,48,64,2232,147,0,2,
2014-04-12 23:31:40,10,21,56,91,1576,171,5,0,
2014-04-12 23:31:41,17,35,90,58,2108,56,12,0,
2014-04-12 23:31:42,2,1,97,76,1011,112,6,0,
2014-04-12 23:31:43,24,33,65,87,2825,189,2,1,
2014-04-12 23:31:44,34,20,37,86,1104,151,5,0,
2014-04-12 23:31:45,12,30,55,12,2232,35,6,2,
2014-04-12 23:31:46,12,22,65,15,1675,116,13,2,
2014-04-12 23:31:47,32,30,68,82,1315,148,4,0,
2014-04-12 23:31:48,24,29,23,70,626,197,3,0,
2014-04-12 23:31:49,31,18,23,55,889,168,15,0,
2014-04-12 23:31:50,35,17,30,39,1975,116,8,0,
2014-04-12 23:31:51,35,26,7,63,3944,7,14,1,
2014-04-12 23:31:52,20,31,80,12,3429,3,9,2,
2014-04-12 23:31:53,32,6,53,69,2939,97,1,2,
2014-04-12 23:31:54,33,15,11,32,3736,24,6,2,
2014-04-12 23:31:55,27,2,24,31,1345,163,14,1,
2014-04-12 23:31:56,9,20,19,69,1744,33,6,1,
2014-04-12 23:31:57,32,6,45,4,313,82,15,1,
2014-04-12 23:31:58,28,4,76,43,2783,77,1,2,
2014-04-12 23:31:59,28,11,39,24,3687,117,11,0,
2014-04-12 23:32:00,35,31,98,32,3970,84,10,1,
2014-04-12 23:32:01,9,19,87,62,842,108,6,0,
2014-04-12 23:32:02,24,11,37,63,3071,130,11,1,
2014-04-12 23:32:03,14,15,81,74,2993,112,15,0,
2014-04-12 23:32:04,22,27,44,74,234,161,10,1,
2014-04-12 23:32:05,30,10,14,83,1538,132,13,0,
2014-04-12 23:32:06,17,4,20,72,1781,64,5,1,
2014-04-12 23:32:07,6,19,55,56,193,23,10,2,
2014-04-12 23:32:08,14,20,100,41,81,43,4,0,
2014-04-12 23:32:09,20,33,9,1,218,76,15,1,
2014-04-12 23:32:10,9,16,82,59,3703,100,14,2,
2014-04-12 23:32:11,6,25,75,65,723,184,7,2,
2014-04-12 23:32:12,25,26,66,8,2235,153,11,1,
2014-04-12 23:32:13,22,31,14,51,1213,197,4,2,
2014-05-04 00:08:04,NaN,NaN,NaN,NaN,NaN,NaN,NaN,NaN,
2014-05-04 00:08:05,NaN,NaN,NaN,NaN,NaN,NaN,NaN,NaN,
2014-05-04 00:08:06,NaN,NaN,NaN,NaN,NaN,NaN,NaN,NaN,
2014-05-04 00:08:07,NaN,NaN,NaN,NaN,NaN,NaN,NaN,NaN,
2014-05-04 00:08:08,NaN,NaN,NaN,NaN,NaN,NaN,NaN,NaN,
2014-05-04 00:08:09,NaN,NaN,NaN,NaN,NaN,NaN,NaN,NaN,
2014-05-04 00:08:10,NaN,NaN,NaN,NaN,NaN,NaN,NaN,NaN,
2014-05-04 00:08:11,NaN,NaN,NaN,NaN,NaN,NaN,NaN,NaN,
2014-05-04 00:08:12,NaN,NaN,NaN,NaN,NaN,NaN,NaN,NaN,
2014-05-04 00:08:13,NaN,NaN,NaN,NaN,NaN,NaN,NaN,NaN,
2014-05-04 00:08:14,NaN,NaN,NaN,NaN,NaN,NaN,NaN,NaN,
2014-05-04 00:08:15,NaN,NaN,NaN,NaN,NaN,NaN,NaN,NaN,
2014-05-04 00:08:16,NaN,NaN,NaN,NaN,NaN,NaN,NaN,NaN,
2014-05-04 00:08:17,NaN,NaN,NaN,NaN,NaN,NaN,NaN,NaN,
2014-05-04 00:08:18,NaN,NaN,NaN,NaN,NaN,NaN,NaN,NaN,
2014-05-04 00:08:19,NaN,NaN,NaN,NaN,NaN,NaN,NaN,NaN,
2014-05-04 00:08:20,NaN,NaN,NaN,NaN,NaN,NaN,NaN,NaN,
2014-05-04 00:08:21,NaN,NaN,NaN,NaN,NaN,NaN,NaN,NaN,
2014-05-04 00:08:22,NaN,NaN,NaN,NaN,NaN,NaN,NaN,NaN,
2014-05-04 00:08:36,NaN,NaN,NaN,NaN,NaN,NaN,NaN,NaN,
2014-05-04 00:08:37,NaN,NaN,NaN,NaN,NaN,NaN,NaN,NaN,
2014-05-04 00:08:38,NaN,NaN,NaN,NaN,NaN,NaN,NaN,NaN,
2014-05-04 00:08:39,NaN,NaN,NaN,NaN,NaN,NaN,NaN,NaN,
2014-05-04 00:08:40,NaN,NaN,NaN,NaN,NaN,NaN,NaN,NaN,
2014-05-04 00:08:41,NaN,NaN,NaN,NaN,NaN,NaN,NaN,NaN,
2014-05-04 00:08:42,NaN,NaN,NaN,NaN,NaN,NaN,NaN,NaN,
2014-05-04 00:08:43,NaN,NaN,NaN,NaN,NaN,NaN,NaN,NaN,
2014-05-04 00:08:44,NaN,NaN,NaN,NaN,NaN,NaN,NaN,NaN,
2014-05-04 00:08:45,NaN,NaN,NaN,NaN,NaN,NaN,NaN,NaN,
2014-05-04 00:08:46,NaN,NaN,NaN,NaN,NaN,NaN,NaN,NaN,
2014-05-04 00:08:47,NaN,NaN,NaN,NaN,NaN,NaN,NaN,NaN,
2014-05-21 00:35:17,NaN,NaN,NaN,NaN,0.0,41.2,NaN,NaN,
2014-05-21 00:35:46,NaN,NaN,NaN,NaN,0.0,39.5,NaN,NaN,
2014-05-21 00:36:07,NaN,NaN,NaN,NaN,0.0,38.8,NaN,NaN,
2014-05-21 00:36:08,NaN,NaN,NaN,NaN,0.0,39.5,NaN,NaN,
2014-05-21 00:36:09,NaN,NaN,NaN,NaN,215.3,38.9,NaN,NaN,
2014-05-21 00:36:10,NaN,NaN,NaN,NaN,129.2,39.1,NaN,NaN,
2014-05-21 00:36:11,NaN,NaN,NaN,NaN,258.4,38.3,NaN,NaN,
2014-05-21 00:36:12,NaN,NaN,NaN,NaN,129.2,38.7,NaN,NaN,
2014-05-21 00:36:13,NaN,NaN,NaN,NaN,172.3,38.7,NaN,NaN,
2014-05-21 00:36:14,NaN,NaN,NaN,NaN,43.1,39.7,NaN,NaN,
2014-05-21 00:36:15,NaN,NaN,NaN,NaN,129.2,40.9,NaN,NaN,
2014-05-21 00:36:16,NaN,NaN,NaN,NaN,0.0,38.9,NaN,NaN,
2014-05-21 00:36:18,NaN,NaN,NaN,NaN,0.0,38.8,NaN,NaN,
2014-05-21 00:36:19,NaN,NaN,NaN,NaN,129.2,39.5,NaN,NaN,
2014-05-21 00:36:20,NaN,NaN,NaN,NaN,0.0,38.6,NaN,NaN,
2014-05-21 00:36:21,NaN,NaN,NaN,NaN,129.2,38.4,NaN,NaN,
2014-05-21 00:36:22,NaN,NaN,NaN,NaN,129.2,39.1,NaN,NaN,
2014-05-21 00:36:23,NaN,NaN,NaN,NaN,129.2,38.3,NaN,NaN,
2014-05-21 00:36:24,NaN,NaN,NaN,NaN,129.2,38.8,NaN,NaN,
2014-05-21 00:36:25,NaN,NaN,NaN,NaN,0.0,39.3,NaN,NaN,
2014-05-21 00:36:26,NaN,NaN,NaN,NaN,129.2,39.1,NaN,NaN,
